{
    "SciPy dense": {
        "1": [
            183.72265625,
            183.8359375,
            183.2578125,
            183.25,
            183.26171875,
            183.265625,
            183.26171875
        ],
        "2": [
            189.46875,
            187.42578125,
            187.421875,
            187.421875,
            187.421875,
            187.4296875,
            187.42578125
        ],
        "3": [
            199.8671875,
            197.80859375,
            197.828125,
            197.828125,
            197.5625,
            197.9453125,
            197.828125
        ],
        "4": [
            214.02734375,
            213.859375,
            213.8984375,
            213.640625,
            213.65234375,
            213.65625,
            213.65625
        ],
        "5": [
            244.0390625,
            244.00390625,
            244.01953125,
            244.01953125,
            244.01953125,
            244.01953125,
            244.01953125
        ],
        "6": [
            258.71875,
            258.94921875,
            258.78125,
            258.7109375,
            258.72265625,
            258.71875,
            258.71875
        ],
        "7": [
            277.51171875,
            277.71875,
            277.48046875,
            277.48046875,
            277.48046875,
            277.48046875,
            277.48046875
        ],
        "8": [
            317.12109375,
            317.75,
            318.26171875,
            306.796875,
            319.15625,
            306.27734375,
            318.65234375
        ],
        "9": [
            352.1953125,
            347.61328125,
            349.859375,
            349.59765625,
            349.828125,
            349.7421875,
            349.625
        ],
        "10": [
            468.203125,
            484.8515625,
            468.91015625,
            469.015625,
            467.01171875,
            466.93359375,
            466.875
        ],
        "11": [
            904.0625,
            900.69140625,
            902.296875,
            902.55078125,
            902.50390625,
            902.953125,
            902.4453125
        ],
        "12": [
            2632.2734375,
            2630.96875,
            2631.05078125,
            2631.0859375,
            2631.68359375,
            2631.11328125,
            2631.01171875
        ],
        "13": [
            9612.96484375,
            9613.44140625,
            9613.80859375,
            9613.73828125,
            9613.83203125,
            9613.875,
            9613.63671875
        ]
    },
    "SciPy sparse": {
        "1": [
            183.23046875,
            187.35546875,
            183.3515625,
            183.35546875,
            187.3671875,
            183.359375,
            183.36328125
        ],
        "2": [
            195.33203125,
            195.43359375,
            193.4375,
            197.4375,
            195.93359375,
            197.70703125,
            193.70703125
        ],
        "3": [
            223.8515625,
            223.84375,
            219.78125,
            225.84765625,
            225.78515625,
            225.96875,
            221.8515625
        ],
        "4": [
            271.55859375,
            273.66796875,
            267.66796875,
            273.671875,
            273.67578125,
            273.67578125,
            273.67578125
        ],
        "5": [
            367.98828125,
            368.02734375,
            368.02734375,
            368.03125,
            368.03125,
            368.03515625,
            368.0390625
        ],
        "6": [
            510.546875,
            510.7734375,
            510.7734375,
            510.7734375,
            510.77734375,
            510.78125,
            510.78125
        ],
        "7": [
            785.15625,
            785.48828125,
            785.48828125,
            785.48828125,
            785.48828125,
            785.48828125,
            785.48828125
        ],
        "8": [
            1158.86328125,
            1158.6953125,
            1158.6953125,
            1158.61328125,
            1158.6953125,
            1158.6953125,
            1158.6953125
        ],
        "9": [
            1331.734375,
            1333.31640625,
            1333.31640625,
            1333.3203125,
            1333.3203125,
            1333.3203125,
            1333.3203125
        ],
        "10": [
            1344.83203125,
            1345.96875,
            1345.96875,
            1345.96875,
            1345.96875,
            1345.96875,
            1345.96875
        ],
        "11": [
            1346.4921875,
            1346.171875,
            1346.171875,
            1346.171875,
            1346.171875,
            1346.171875,
            1346.18359375
        ],
        "12": [
            1345.48828125,
            1350.9140625,
            1351.87890625,
            1351.87890625,
            1351.94140625,
            1351.94140625,
            1351.94140625
        ],
        "13": [
            1420.37890625,
            1440.2265625,
            1440.2265625,
            1444.53515625,
            1424.44140625,
            1442.4140625,
            1442.53515625
        ],
        "14": [
            1458.5390625,
            1454.69140625,
            1458.75390625,
            1454.82421875,
            1454.64453125,
            1459.0078125,
            1454.8125
        ],
        "15": [
            1534.11328125,
            1536.64453125,
            1571.828125,
            1551.07421875,
            1543.32421875,
            1541.66015625,
            1551.5703125
        ],
        "16": [
            1695.96484375,
            1677.15234375,
            1677.21484375,
            1677.15234375,
            1677.21484375,
            1677.15234375,
            1677.59765625
        ],
        "17": [
            1990.171875,
            1988.1796875,
            1990.1796875,
            1992.62890625,
            1992.1796875,
            1990.1796875,
            1988.1171875
        ],
        "18": [
            2607.44921875,
            2618.5703125,
            2629.55859375,
            2627.55859375,
            2627.49609375,
            2630.6875,
            2629.94140625
        ],
        "19": [
            4259.3515625,
            4267.23046875,
            4267.46484375,
            4267.46484375,
            4267.46484375,
            4267.46484375,
            4267.46484375
        ],
        "20": [
            8564.77734375,
            8564.8671875,
            8564.828125,
            8564.77734375,
            8580.66796875,
            8580.8671875,
            8564.82421875
        ]
    },
    "QuantLop": {
        "1": [
            183.42578125,
            183.63671875,
            183.3046875,
            183.3671875,
            183.3671875,
            183.375,
            183.37109375
        ],
        "2": [
            187.44140625,
            187.78515625,
            187.45703125,
            187.86328125,
            187.86328125,
            187.88671875,
            187.828125
        ],
        "3": [
            197.58203125,
            197.84765625,
            197.58203125,
            197.58203125,
            197.58203125,
            197.58203125,
            197.58203125
        ],
        "4": [
            213.671875,
            213.671875,
            213.671875,
            213.609375,
            213.609375,
            213.671875,
            213.671875
        ],
        "5": [
            244.03125,
            244.0390625,
            244.03515625,
            244.03515625,
            244.03515625,
            244.03515625,
            244.03515625
        ],