{
    "scipy.expm": {
        "1": [
            146.515625,
            147.75390625,
            147.765625,
            147.78125,
            147.78125,
            147.78125,
            147.78515625,
            147.78515625,
            147.78515625,
            147.7890625,
            147.7890625,
            147.7890625,
            147.79296875,
            147.79296875,
            147.79296875,
            147.79296875,
            147.796875,
            147.796875,
            147.80078125,
            147.80078125
        ],
        "2": [
            147.9609375,
            148.29296875,
            148.29296875,
            148.296875,
            148.3046875,
            148.3046875,
            148.30859375,
            148.30859375,
            148.30859375,
            148.31640625,
            148.31640625,
            148.3203125,
            148.32421875,
            148.32421875,
            148.328125,
            148.33203125,
            148.33203125,
            148.33203125,
            148.3359375,
            148.3359375
        ],
        "3": [
            148.953125,
            148.9609375,
            148.97265625,
            148.9765625,
            148.9765625,
            148.984375,
            148.98828125,
            148.9921875,
            148.99609375,
            149.00390625,
            149.01171875,
            149.015625,
            149.0234375,
            149.02734375,
            149.03125,
            149.0390625,
            149.0390625,
            149.04296875,
            149.05078125,
            149.05078125
        ],
        "4": [
            149.33203125,
            149.34765625,
            149.359375,
            149.37109375,
            149.37890625,
            149.390625,
            149.3984375,
            149.41015625,
            149.4140625,
            149.421875,
            149.4296875,
            149.43359375,
            149.4453125,
            149.453125,
            149.4609375,
            149.48046875,
            149.484375,
            149.5,
            149.50390625,
            149.51171875
        ],
        "5": [
            150.3671875,
            150.38671875,
            150.39453125,
            150.39453125,
            150.40234375,
            150.40234375,
            150.40625,
            150.40625,
            150.40625,
            150.40625,
            150.40625,
            150.40625,
            150.40625,
            150.40625,
            150.40625,
            150.40625,
            150.40625,
            150.40625,
            150.40625,
            150.40625
        ],
        "6": [
            153.26953125,
            153.26953125,
            153.2734375,
            153.2890625,
            153.2890625,
            153.29296875,
            153.296875,
            153.296875,
            153.296875,
            153.30078125,
            153.3046875,
            153.3125,
            153.31640625,
            153.31640625,
            153.31640625,
            153.31640625,
            153.32421875,
            153.3359375,
            153.33984375,
            153.34765625
        ],
        "7": [
            163.0234375,
            163.01953125,
            163.04296875,
            163.04296875,
            163.07421875,
            163.078125,
            163.0859375,
            163.09375,
            163.1015625,
            163.1171875,
            163.12890625,
            163.140625,
            163.15625,
            163.1640625,
            163.1796875,
            163.18359375,
            163.1953125,
            163.20703125,
            163.2109375,
            163.23046875
        ],
        "8": [
            173.58203125,
            173.58984375,
            173.609375,
            173.61328125,
            173.640625,
            173.65625,
            173.66796875,
            173.67578125,
            173.6796875,
            173.6875,
            173.70703125,
            173.7109375,
            173.72265625,
            173.734375,
            173.75390625,
            173.76171875,
            173.77734375,
            173.796875,
            173.8046875,
            173.8203125
        ],
        "9": [
            215.890625,
            215.125,
            215.125,
            215.125,
            215.125,
            215.125,
            215.125,
            215.125,
            215.125,
            215.125,
            215.125,
            215.125,
            215.125,
            215.125,
            215.125,
            215.125,
            215.125,
            215.125,
            215.125,
            215.125
        ],
        "10": [
            336.72265625,
            340.75390625,
            344.875,
            344.99609375,
            342.76953125,
            344.859375,
            345.01953125,
            345.01953125,
            336.78125,
            332.78125,
            342.78125,
            342.78125,
            345.0234375,
            342.78515625,
            345.02734375,
            345.03125,
            342.79296875,
            332.79296875,
            345.046875,
            345.046875
        ],
        "11": [
            805.30078125,
            805.30078125,
            805.30078125,
            805.30078125,
            805.30078125,
            805.30078125,
            805.30078125,
            805.31640625,
            805.31640625,
            805.31640625,
            805.31640625,
            805.31640625,
            805.31640625,
            805.31640625,
            805.31640625,
            805.31640625,
            805.31640625,
            805.31640625,
            805.31640625,
            805.31640625
        ],
        "12": [
            2541.390625,
            2541.390625,
            2541.42578125,
            2541.44921875,
            2541.45703125,
            2541.484375,
            2541.515625,
            2541.51953125,
            2541.53125,
            2541.53515625,
            2541.54296875,
            2541.54296875,
            2541.58203125,
            2541.6015625,
            2541.625,
            2541.625,
            2541.65625,
            2541.66796875,
            2541.78515625,
            2541.8125
        ]
    },
    "quantlop": {
        "1": [
            147.80078125,
            147.5546875,
            147.55859375,
            147.55859375,
            147.5625,
            147.5625,
            147.5625,
            147.56640625,
            147.56640625,
            147.56640625,
            147.56640625,
            147.578125,
            147.578125,
            147.58203125,
            147.58203125,
            147.5859375,
            147.5859375,
            147.58984375,
            147.58984375,
            147.59375
        ],
        "2": [
            148.47265625,
            148.4921875,
            148.5078125,
            148.51953125,
            148.53515625,
            148.53515625,
            148.53515625,
            148.53515625,
            148.5390625,
            148.5390625,
            148.54296875,
            148.54296875,
            148.546875,
            148.55859375,
            148.5625,
            148.5625,
            148.5625,
            148.5625,
            148.5703125,
            148.5703125
        ],
        "3": [
            149.05078125,
            148.75390625,
            148.75390625,
            148.75390625,
            148.7578125,
            148.765625,
            148.7734375,
            148.7734375,
            148.77734375,
            148.78515625,
            148.78515625,
            148.796875,
            148.80078125,
            148.80078125,
            148.8125,
            148.81640625,
            148.81640625,
            148.8203125,
            148.8203125,
            148.828125
        ],