{
    "SciPy dense": {
        "1": [
            134.23046875,
            132.96484375,
            132.95703125,
            132.98046875,
            132.984375,
            132.984375,
            132.9765625
        ],
        "2": [
            133.41796875,
            133.109375,
            133.125,
            133.109375,
            133.109375,
            133.109375,
            133.109375
        ],
        "3": [
            133.6015625,
            133.27734375,
            133.2734375,
            133.2734375,
            133.28515625,
            133.28125,
            133.28125
        ],
        "4": [
            134.19921875,
            133.50390625,
            133.48828125,
            133.48828125,
            133.48828125,
            133.48828125,
            133.48828125
        ],
        "5": [
            134.51953125,
            134.19140625,
            134.19140625,
            134.19140625,
            134.19140625,
            134.19140625,
            134.19140625
        ],
        "6": [
            137.44140625,
            136.578125,
            136.578125,
            136.578125,
            136.578125,
            136.578125,
            136.578125
        ],
        "7": [
            146.875,
            146.203125,
            146.19140625,
            146.6796875,
            146.234375,
            146.30859375,
            146.29296875
        ],
        "8": [
            157.27734375,
            156.57421875,
            156.58203125,
            156.578125,
            156.59765625,
            156.59765625,
            156.578125
        ],
        "9": [
            194.4921875,
            197.6796875,
            157.09375,
            197.45703125,
            197.45703125,
            197.45703125,
            197.45703125
        ],
        "10": [
            308.63671875,
            308.14453125,
            308.14453125,
            308.6015625,
            308.52734375,
            308.14453125,
            320.52734375
        ],
        "11": [
            768.85546875,
            768.1953125,
            768.1875,
            768.1875,
            768.1875,
            768.1875,
            768.1875
        ],
        "12": [
            2505.5625,
            2504.91015625,
            2504.44140625,
            2504.44140625,
            2504.8984375,
            2504.8828125,
            2504.42578125
        ],
        "13": [
            9437.49609375,
            9437.015625,
            9437.00390625,
            9436.99609375,
            9436.99609375,
            9437.00390625,
            9437.00390625
        ],
        "14": [
            37143.9375,
            37144.1953125,
            37144.30078125,
            37144.30078125,
            37144.30078125,
            37144.30078125,
            37144.30078125
        ]
    },
    "SciPy sparse": {
        "1": [
            133.37109375,
            133.01953125,
            133.01953125,
            133.01171875,
            133.01171875,
            133.03515625,
            133.04296875
        ],
        "2": [
            132.79296875,
            133.109375,
            133.12890625,
            133.13671875,
            133.125,
            133.125,
            133.125
        ],
        "3": [
            132.96875,
            133.2890625,
            133.29296875,
            133.29296875,
            133.296875,
            133.296875,
            133.3203125
        ],
        "4": [
            133.1796875,
            133.49609375,
            133.51171875,
            133.5234375,
            133.515625,
            133.51171875,
            133.51171875
        ],
        "5": [
            133.875,
            134.19140625,
            134.19140625,
            134.19140625,
            134.22265625,
            134.20703125,
            134.20703125
        ],
        "6": [
            347.92578125,
            288.61328125,
            360.6015625,
            366.6015625,
            320.62109375,
            328.62890625,
            332.6171875
        ],
        "7": [
            533.62109375,
            590.30078125,
            594.30078125,
            586.30859375,
            530.3125,
            530.30859375,
            554.3125
        ],
        "8": [
            851.96875,
            841.015625,
            841.015625,
            953.08984375,
            915.09375,
            965.1015625,
            845.09765625
        ],
        "9": [
            1108.7890625,
            1089.19140625,
            1179.29296875,
            1069.2890625,
            1087.296875,
            1047.296875,
            1179.30078125
        ],
        "10": [
            1193.46875,
            1182.1484375,
            1110.1484375,
            1200.16015625,
            1106.1484375,
            1200.16015625,
            1130.1484375
        ],
        "11": [
            1211.6484375,
            1212.328125,
            1212.328125,
            1212.328125,
            1212.328125,
            1212.328125,
            1212.328125
        ],
        "12": [
            1219.921875,
            1223.51171875,
            1224.43359375,
            1224.43359375,
            1224.43359375,
            1224.43359375,
            1224.43359375
        ],
        "13": [
            1242.62109375,
            1264.078125,
            1239.30078125,
            1266.265625,
            1241.30078125,
            1266.265625,
            1243.68359375
        ],
        "14": [
            1313.32421875,
            1305.25390625,
            1313.63671875,
            1318.37890625,
            1321.63671875,
            1305.25390625,
            1305.25390625
        ],
        "15": [
            1358.90625,
            1365.68359375,
            1365.68359375,
            1358.67578125,
            1394.75390625,
            1358.6796875,
            1358.67578125
        ],
        "16": [
            1508.69140625,
            1526.6875,
            1544.81640625,
            1509.6875,
            1544.81640625,
            1500.6953125,
            1544.81640625
        ],
        "17": [
            1815.265625,
            1815.265625,
            1856.78125,
            1815.265625,
            1840.78125,
            1828.78125,
            1815.265625
        ],
        "18": [
            2446.28515625,
            2475.703125,
            2421.16015625,
            2407.16015625,
            2427.16015625,
            2451.16015625,
            2473.16015625
        ],
        "19": [
            4110.6796875,
            4118.6796875,
            4120.6796875,
            4120.6796875,
            4120.6796875,
            4120.6796875,
            4120.6796875
        ],
        "20": [
            8380.70703125,
            8400.70703125,
            8400.70703125,
            8400.70703125,
            8401.1640625,
            8400.70703125,
            8400.70703125
        ],
        "21": [
            17349.02734375,
            17382.06640625,
            17381.609375,
            17382.08203125,
            17381.609375,
            17382.06640625,
            17381.59375
        ],
        "22": [
            35952.15625,
            36016.7265625,
            36017.1640625,
            36017.1640625,
            36017.1640625,
            36017.1640625,
            36017.1640625
        ]
    },
    "QuantLop": {
        "1": [
            133.03125,
            133.03125,
            133.03125,
            133.03125,
            133.03125,
            133.03125,
            133.03125
        ],
        "2": [
            133.125,
            133.125,
            133.1484375,
            133.1484375,
            133.1640625,
            133.1640625,
            133.1796875
        ],