{
    "scipy.expm": {
        "1": [
            241.7734375,
            242.171875,
            242.19921875,
            242.19921875,
            242.203125,
            242.203125,
            242.203125,
            242.203125,
            242.20703125,
            242.2109375,
            242.2109375,
            242.21484375,
            242.21484375,
            242.21875,
            242.21875,
            242.21875,
            242.21875,
            242.21875,
            242.21875,
            242.21875
        ],
        "2": [
            244.37890625,
            244.37890625,
            244.37890625,
            244.37890625,
            244.37890625,
            246.37109375,
            246.62109375,
            246.62109375,
            246.62109375,
            246.62109375,
            246.625,
            246.625,
            246.625,
            246.625,
            246.62890625,
            246.62890625,
            246.62890625,
            246.6328125,
            246.6328125,
            246.6328125
        ],
        "3": [
            255.0546875,
            255.140625,
            255.140625,
            255.14453125,
            255.1484375,
            255.15234375,
            255.15625,
            255.16796875,
            255.171875,
            255.171875,
            255.1875,
            255.1875,
            255.19140625,
            255.19140625,
            255.203125,
            255.2109375,
            255.21484375,
            255.22265625,
            255.2265625,
            255.234375
        ],
        "4": [
            271.3671875,
            271.3671875,
            271.375,
            271.39453125,
            271.40234375,
            271.4140625,
            271.421875,
            271.4296875,
            271.44140625,
            271.453125,
            271.4609375,
            271.46875,
            271.47265625,
            271.4921875,
            271.4921875,
            271.5078125,
            271.5078125,
            271.51171875,
            271.51953125,
            271.5234375
        ],
        "5": [
            301.83984375,
            301.83984375,
            301.85546875,
            301.8671875,
            301.87109375,
            301.875,
            301.890625,
            301.91796875,
            301.91796875,
            301.9453125,
            301.9453125,
            301.953125,
            301.96484375,
            301.97265625,
            301.98828125,
            301.98828125,
            302.0078125,
            302.02734375,
            302.03515625,
            302.03515625
        ],
        "6": [
            324.765625,
            324.83984375,
            323.38671875,
            323.40234375,
            323.4140625,
            323.49609375,
            323.56640625,
            323.625,
            323.6484375,
            323.6484375,
            323.66015625,
            323.6796875,
            323.6875,
            323.69140625,
            323.703125,
            323.71484375,
            323.7265625,
            323.73828125,
            323.76171875,
            323.765625
        ],
        "7": [
            342.42578125,
            342.80078125,
            342.80859375,
            342.828125,
            342.83203125,
            342.8515625,
            342.86328125,
            342.87109375,
            342.88671875,
            342.88671875,
            342.89453125,
            342.89453125,
            342.90234375,
            342.91015625,
            342.91796875,
            342.92578125,
            342.93359375,
            342.9375,
            342.94921875,
            342.9765625
        ],
        "8": [
            380.34375,
            380.88671875,
            380.828125,
            380.66796875,
            380.7265625,
            380.93359375,
            380.984375,
            380.4375,
            380.8203125,
            380.46484375,
            380.953125,
            380.9296875,
            380.9765625,
            380.453125,
            380.87109375,
            380.890625,
            380.48828125,
            380.35546875,
            380.91796875,
            381.0
        ],
        "9": [
            412.30078125,
            410.5859375,
            410.91796875,
            410.8046875,
            410.92578125,
            410.8046875,
            410.98828125,
            411.0234375,
            411.03125,
            410.87890625,
            410.9609375,
            411.05078125,
            410.98046875,
            410.97265625,
            410.97265625,
            411.078125,
            410.96484375,
            411.1171875,
            411.08984375,
            411.14453125
        ],
        "10": [
            526.62109375,
            533.53515625,
            530.71484375,
            528.9296875,
            533.2421875,
            532.96875,
            533.50390625,
            533.12890625,
            533.07421875,
            533.734375,
            533.125,
            533.70703125,
            533.30859375,
            532.71484375,
            533.65234375,
            528.94921875,
            533.50390625,
            532.80859375,
            533.41015625,
            533.03515625
        ],
        "11": [
            965.89453125,
            963.8046875,
            963.6484375,
            963.8984375,
            963.4609375,
            963.6953125,
            963.7578125,
            963.87890625,
            963.56640625,
            963.80078125,
            963.70703125,
            963.70703125,
            963.84765625,
            963.78515625,
            963.6796875,
            963.4921875,
            963.8359375,
            964.0,
            963.7421875,
            963.52734375
        ]
    },
    "quantlop": {
        "1": [
            242.21875,
            240.1875,
            240.1875,
            240.1875,
            240.19140625,
            240.1953125,
            240.19921875,
            240.20703125,
            240.2109375,
            240.2109375,
            240.21484375,
            240.21484375,
            240.21875,
            240.21875,
            240.22265625,
            240.23046875,
            240.23046875,
            240.234375,
            240.234375,
            240.23828125
        ],
        "2": [
            246.90625,
            246.91015625,
            246.91015625,
            246.91015625,
            246.93359375,
            246.9375,
            246.9609375,
            246.9609375,
            246.96484375,
            246.96484375,
            246.96484375,
            246.96484375,
            246.97265625,
            246.9765625,
            246.9765625,
            246.9765625,
            246.98046875,
            246.98046875,
            246.98046875,
            246.98828125
        ],
        "3": [
            255.234375,
            255.1328125,
            255.13671875,
            255.14453125,
            255.14453125,
            255.15625,
            255.15625,
            255.16015625,
            255.16015625,
            255.16796875,
            255.17578125,
            255.1796875,
            255.1875,
            255.1875,
            255.19140625,
            255.19921875,
            255.19921875,
            255.2109375,
            255.21484375,
            255.21875
        ],
        "4": [
            271.54296875,
            271.453125,
            271.4609375,
            271.47265625,
            271.48828125,
            271.4921875,
            271.49609375,
            271.51171875,
            271.51953125,
            271.52734375,
            271.53125,
            271.5390625,
            271.5390625,
            271.54296875,
            271.5546875,
            271.5625,
            271.578125,
            271.5859375,
            271.58984375,
            271.59375
        ],