{
    "SciPy dense": {
        "1": [
            0.019516791042406112,
            0.010717077006120235,
            0.009941793978214264,
            0.008228696009609848,
            0.008343043038621545,
            0.008758450974710286,
            0.009202147019095719
        ],
        "2": [
            0.015637468022760004,
            0.00894024601439014,
            0.010435682954266667,
            0.009493293007835746,
            0.009899705008137971,
            0.008939507009927183,
            0.009282938961405307
        ],
        "3": [
            0.012673738005105406,
            0.012822308985050768,
            0.009759499982465059,
            0.009326991043053567,
            0.01015334896510467,
            0.008820099988952279,
            0.010481828998308629
        ],
        "4": [
            0.01698401797330007,
            0.010667883034329861,
            0.01053655898431316,
            0.010854848951566964,
            0.01058687298791483,
            0.01108307100366801,
            0.009595715964678675
        ],
        "5": [
            0.021565731964074075,
            0.015176166023593396,
            0.020923838950693607,
            0.016871218977030367,
            0.014085174014326185,
            0.015934018010739237,
            0.01720520999515429
        ],
        "6": [
            0.13056306802900508,
            0.1345696920179762,
            0.13985935598611832,
            0.13464014901546761,
            0.13724236795678735,
            0.13469348195940256,
            0.13187188695883378
        ],
        "7": [
            0.14017726597376168,
            0.18261068197898567,
            0.1440157500328496,
            0.14359992503887042,
            0.14471643103752285,
            0.1477370479842648,
            0.1448213779949583
        ],
        "8": [
            0.14493838098132983,
            0.1669139389996417,
            0.26669675298035145,
            0.16969546198379248,
            0.18031499994685873,
            0.17684835998807102,
            0.18734438199317083
        ],
        "9": [
            0.46639374596998096,
            0.2728635599487461,
            0.24464433803223073,
            0.2482862360193394,
            0.2434860909706913,
            0.2306092000217177,
            0.2870199360186234
        ],
        "10": [
            0.9004805879667401,
            0.8013267290079966,
            0.9342683849972673,
            0.8858485700329766,
            0.8793420160072856,
            0.9901050429907627,
            0.9401738590095192
        ],
        "11": [
            3.6186884369817562,
            3.432148329971824,
            3.8833917939919047,
            3.8465840400313027,
            4.057757985952776,
            3.6495210340362974,
            3.52191271801712
        ],
        "12": [
            17.126772046030965,
            17.959965621004812,
            17.713232712005265,
            19.301075710041914,
            17.620288759993855,
            17.058248482993804,
            17.07689864502754
        ],
        "13": [
            110.7287366730161,
            110.96938084304566,
            105.39071746001719,
            106.75080941105261,
            103.96644356200704,
            106.21998875797726,
            113.51390142302262
        ]
    },
    "SciPy sparse": {
        "1": [
            0.009899345983285457,
            0.007613323978148401,
            0.00675232196226716,
            0.006606969982385635,
            0.006980633013881743,
            0.0067677609622478485,
            0.006713590992148966
        ],
        "2": [
            0.010594551044050604,
            0.008061573025770485,
            0.007840696955099702,
            0.007791782030835748,
            0.008289375982712954,
            0.0075182850123383105,
            0.008055888989474624
        ],
        "3": [
            0.014606700977310538,
            0.01123339805053547,
            0.010191940004006028,
            0.010583969007711858,
            0.01010335102910176,
            0.01009676803369075,
            0.010165014013182372
        ],
        "4": [
            0.020135602972004563,
            0.012862603005487472,
            0.0137019949615933,
            0.013973617984447628,
            0.013096717011649162,
            0.013756930944509804,
            0.013867016998119652
        ],
        "5": [
            0.03482192201772705,
            0.018283365003298968,
            0.019786197983194143,
            0.01999817101750523,
            0.018939093977678567,
            0.01950028899591416,
            0.01842909399420023
        ],
        "6": [
            0.0661566550261341,
            0.028812082018703222,
            0.028665011981502175,
            0.030344156024511904,
            0.02837278600782156,
            0.029100248008035123,
            0.028234240016900003
        ],
        "7": [
            0.09628673002589494,
            0.04831196297891438,
            0.04772074898937717,
            0.04798723798012361,
            0.046762132027652115,
            0.047658015973865986,
            0.04775162000441924
        ],
        "8": [
            0.16976698202779517,
            0.07734166498994455,
            0.07649867498548701,
            0.07774355402216315,
            0.07247025199467316,
            0.07250517199281603,
            0.07712198101216927
        ],
        "9": [
            0.229637301992625,
            0.09058162296423689,
            0.0881487830192782,
            0.08671569998841733,
            0.090308515005745,
            0.08904701302526519,
            0.08972153201466426
        ],
        "10": [
            0.22667127900058404,
            0.10131442500278354,
            0.09886078000999987,
            0.09857118298532441,
            0.09696819604141638,
            0.09627375297714025,
            0.1001394420163706
        ],
        "11": [
            0.1720391350099817,
            0.11572253296617419,
            0.11421881901333109,
            0.11498057196149603,
            0.11323708400595933,
            0.11724344198592007,
            0.10987358499551192
        ],
        "12": [
            0.13641195103991777,
            0.13127225398784503,
            0.26177652803016827,
            0.1313615589751862,
            0.13395432499237359,
            0.1349379009916447,
            0.14146536902990192
        ],
        "13": [
            0.4215922559960745,
            0.20607600203948095,
            0.21114800998475403,
            0.32279417902464047,
            0.18127863900735974,
            0.20154560101218522,
            0.20402638899395242
        ],
        "14": [
            0.3447973520378582,
            0.2752715059905313,
            0.2950711629819125,
            0.2797763090347871,
            0.2764254140201956,
            0.29505663097370416,
            0.2976967339636758
        ],
        "15": [
            0.7696343699935824,
            0.6008803830482066,
            0.6198153830482624,
            0.6940898539614864,
            0.5654967260197736,
            0.571740611048881,
            0.6229664710117504
        ],
        "16": [
            1.3920163679867983,
            1.177266590995714,
            1.37327338202158,
            1.14095949602779,
            1.2895051109953783,
            1.1915500679751858,
            1.3122076530125923
        ],
        "17": [
            2.559665161999874,
            2.3703633089899085,
            2.427685057045892,
            2.533591242041439,
            2.504419671953656,
            2.4881185489939526,
            2.5028717039967887
        ],
        "18": [
            5.296045373019297,
            5.249681835994124,
            5.470241341972724,
            5.481807989010122,
            5.44270716200117,
            5.4890364820021205,
            5.271460180985741
        ],