{
    "scipy.expm": {
        "1": [
            0.013702056000056473,
            0.01325442099960128,
            0.012394477999805531,
            0.012038783999742009,
            0.011285749999842665,
            0.00934921599991867,
            0.010607860000163782,
            0.010392577000402525,
            0.01256310200005828,
            0.012529291000191733,
            0.012607438000031834,
            0.011766613999952824,
            0.012895821999791224,
            0.010041366999757884,
            0.015878079000231082,
            0.011106500999630953,
            0.01002187900030549,
            0.011870458999965194,
            0.01319786700014447,
            0.011649406999822531
        ],
        "2": [
            0.01228078700023616,
            0.011015463000148884,
            0.0148200070002531,
            0.011567624999770487,
            0.01345121799977278,
            0.010776033999718493,
            0.011765641999772924,
            0.012559595999846351,
            0.013139488999968307,
            0.012558364999676996,
            0.011798161000115215,
            0.012131062000207748,
            0.011056175000248913,
            0.014008185999955458,
            0.01410911799985115,
            0.01215094200006206,
            0.012154687000020203,
            0.012614848999874084,
            0.011937220000163506,
            0.011669617999814363
        ],
        "3": [
            0.012005292000139889,
            0.01321180800005095,
            0.01354899599982673,
            0.012126144999911048,
            0.011464207999779319,
            0.013066779999917344,
            0.013757978999819898,
            0.0117792119999649,
            0.011741726000309427,
            0.0146399170002951,
            0.014650752999841643,
            0.012793158000022231,
            0.012738065000121424,
            0.013724939999974595,
            0.01175453500036383,
            0.01148296700011997,
            0.013626711999677354,
            0.013605991000076756,
            0.011828136000076483,
            0.0133326790000865
        ],
        "4": [
            0.013007059999836201,
            0.013525769999887416,
            0.01634456100009629,
            0.014670763000140141,
            0.014344382000217593,
            0.01318720100016435,
            0.01420923900013804,
            0.015160429999923508,
            0.013135513000179344,
            0.013066600000001927,
            0.014125381999747333,
            0.012776122000104806,
            0.01390598299985868,
            0.013637878999816166,
            0.016136027999891667,
            0.014576320999822201,
            0.01641681000000972,
            0.013402453999788122,
            0.014429049999762356,
            0.014247516000068572
        ],
        "5": [
            0.015019647999906738,
            0.015179078000073787,
            0.014545495000220399,
            0.05625571900009163,
            0.017008090000217635,
            0.015416205000292393,
            0.016555950000110897,
            0.01525144699962766,
            0.022872331999678863,
            0.017639198999859218,
            0.015492949999952543,
            0.015003563999925973,
            0.016640166000343015,
            0.01574965700001485,
            0.015608084000177769,
            0.016385714000080043,
            0.015422143000250799,
            0.01628012499986653,
            0.016981458999907773,
            0.015286049000224011
        ],
        "6": [
            0.046818281000014395,
            0.07355478699992091,
            0.037656986999991204,
            0.07672417499998119,
            0.0633094820000224,
            0.07779600899993966,
            0.05254569699991407,
            0.06825864899974476,
            0.07861480000019583,
            0.06573921800008975,
            0.053175104999809264,
            0.07072310700004891,
            0.05877872600012779,
            0.05412466300003871,
            0.06631319200005237,
            0.059965993000332674,
            0.07231615299997429,
            0.07402043799993407,
            0.06812771100021564,
            0.06830507899985605
        ],
        "7": [
            0.0818935130000682,
            0.07205056400016474,
            0.06275817300002018,
            0.08944626699985747,
            0.07194516500021564,
            0.07049551500040252,
            0.08044374200017046,
            0.06297011200013003,
            0.06983047299991085,
            0.07875419899983171,
            0.06865413400009857,
            0.07471666499986895,
            0.0694234510001479,
            0.07006590800028789,
            0.06484081700000388,
            0.06606731200008653,
            0.06786971399969843,
            0.07537081899999976,
            0.06835333099979835,
            0.07001727499982735
        ],
        "8": [
            0.0686456809999072,
            0.0879749420000735,
            0.07571526799983985,
            0.10004960000014762,
            0.08663376399999834,
            0.07998722499996802,
            0.08668422099981399,
            0.08799941000006584,
            0.09466311500000302,
            0.09101375499994901,
            0.07967145899965544,
            0.08300201100018967,
            0.07870486499996332,
            0.0910050920001595,
            0.08064471400030016,
            0.09598247100029766,
            0.09585912500006089,
            0.10664297999983319,
            0.0740061159999641,
            0.08386028300037651
        ],
        "9": [
            0.1677020359998096,
            0.19741412900020805,
            0.18940656099994158,
            0.18869437900002595,
            0.19682274900014818,
            0.21218348100001094,
            0.19380743300007452,
            0.1916380890002074,
            0.1833661329997085,
            0.19773053500011883,
            0.18859423000003517,
            0.1916232870003114,
            0.19020761699994182,
            0.19070293199956723,
            0.18965945100035242,
            0.1875583999999435,
            0.18766922800023167,
            0.18339454600027238,
            0.19087169499971424,
            0.18719894999958342
        ],
        "10": [
            0.5427062560002014,
            0.5306403720001072,
            0.5243428280000444,
            0.5389489119997961,
            0.5346456980000767,
            0.5337537250002242,
            0.5626837019999584,
            0.5427040610002223,
            0.5508266320002804,
            0.5534532940000645,
            0.5696654850003142,
            0.5436609799999133,
            0.5456682600001841,
            0.5406475270001465,
            0.5246780490001584,
            0.574833740000031,
            0.5605391529998087,
            0.5987148599997454,
            0.5456942280002295,
            0.5495265040003687
        ],
        "11": [
            2.288248521999776,
            2.3377724789997956,
            2.404460760999882,
            2.3774011159998736,
            2.3469781600001625,
            2.3355972750000547,
            2.3328715400002693,
            2.3756984209999246,
            2.34333312400031,
            2.405901967000318,
            2.418608551000034,
            2.3605270319999363,
            2.31624478599997,
            2.4958931969999867,
            2.359851297000205,
            2.4356439050002336,
            2.351828150000074,
            2.5666351370000484,
            2.5153232940001544,
            2.42099252800017
        ],