{
    "scipy.expm": {
        "1": [
            0.01989140099612996,
            0.010661287000402808,
            0.009714981017168611,
            0.011898605967871845,
            0.009402402036357671,
            0.00948289898224175,
            0.010564388998318464,
            0.009312715963460505,
            0.008704437990672886,
            0.007886365987360477,
            0.009481158980634063,
            0.009756950021255761,
            0.008171831024810672,
            0.008582314010709524,
            0.008144318999256939,
            0.009715066000353545,
            0.008219501003623009,
            0.007980287016835064,
            0.007587927975691855,
            0.008657140017021447
        ],
        "2": [
            0.016489740984980017,
            0.08224398602033034,
            0.009616973984520882,
            0.009275823016650975,
            0.008623587025795132,
            0.009938762988895178,
            0.0108186419820413,
            0.008319745946209878,
            0.0108161760144867,
            0.009565967018716037,
            0.012290717975702137,
            0.01013772696023807,
            0.010718395002186298,
            0.00992068398045376,
            0.009404606011230499,
            0.009859584039077163,
            0.010029503027908504,
            0.010836927045602351,
            0.0095464670448564,
            0.009136347973253578
        ],
        "3": [
            0.017804604023694992,
            0.013369571999646723,
            0.01651523500913754,
            0.012559457973111421,
            0.01433946198085323,
            0.013709807011764497,
            0.01245278405258432,
            0.01442281698109582,
            0.011590162001084536,
            0.012836402049288154,
            0.011963550001382828,
            0.012767429987434298,
            0.011290287016890943,
            0.012007768033072352,
            0.011154904030263424,
            0.010208773019257933,
            0.009950353007297963,
            0.010473066999111325,
            0.010872034006752074,
            0.01036366302287206
        ],
        "4": [
            0.021213133994024247,
            0.014869939011987299,
            0.013441194023471326,
            0.01147570600733161,
            0.012399242958053946,
            0.012883670977316797,
            0.011631557019427419,
            0.012286504032090306,
            0.013239954016171396,
            0.013455639011226594,
            0.014226929983124137,
            0.013987610000185668,
            0.013095074973534793,
            0.013150284998118877,
            0.013563751999754459,
            0.011977673042565584,
            0.012538032955490053,
            0.012686664005741477,
            0.013668552972376347,
            0.012046232994180173
        ],
        "5": [
            0.021199779002927244,
            0.020088510995265096,
            0.013196545012760907,
            0.01655101397773251,
            0.016615183965768665,
            0.015100569988135248,
            0.017754047992639244,
            0.017819959961343557,
            0.014328846998978406,
            0.013071769964881241,
            0.01851047098170966,
            0.01725921401521191,
            0.01975193398538977,
            0.017499119974672794,
            0.017360478988848627,
            0.015761131013277918,
            0.02060973399784416,
            0.018205520987976342,
            0.019971710979007185,
            0.014788782980758697
        ],
        "6": [
            0.13623409700812772,
            0.12969644903205335,
            0.13505326397717,
            0.129132041009143,
            0.13387978699756786,
            0.13781583099626005,
            0.13063589402008802,
            0.13569142000051215,
            0.13286662800237536,
            0.13220899901352823,
            0.13220545800868422,
            0.1337654059752822,
            0.1297051379806362,
            0.1292334349709563,
            0.12887531699379906,
            0.13275001698639244,
            0.13300522195640951,
            0.13155817001825199,
            0.13171205599792302,
            0.13323814503382891
        ],
        "7": [
            0.050108208029996604,
            0.06760215596295893,
            0.07970953901531175,
            0.1446902310126461,
            0.14095928601454943,
            0.14197593199787661,
            0.14149633096531034,
            0.14269930898444727,
            0.14412814599927515,
            0.1475736160064116,
            0.14165173203218728,
            0.14305883599445224,
            0.14264645898947492,
            0.1418087119818665,
            0.1430807479773648,
            0.14309172303183004,
            0.14422991103492677,
            0.1550397429964505,
            0.14796130097238347,
            0.14854013203876093
        ],
        "8": [
            0.1692509269923903,
            0.16602703899843618,
            0.16521563800051808,
            0.16607914300402626,
            0.16300232900539413,
            0.1663248380064033,
            0.1704880250035785,
            0.17827287502586842,
            0.18110512901330367,
            0.16866952000418678,
            0.17703959997743368,
            0.17096789396600798,
            0.1894346500048414,
            0.16980446100933477,
            0.16615294897928834,
            0.1664072010316886,
            0.1671811020351015,
            0.1659494279883802,
            0.1684099780395627,
            0.1697738179937005
        ],
        "9": [
            0.25391285499790683,
            0.23918018402764574,
            0.24782875197706744,
            0.23036089300876483,
            0.23257554799783975,
            0.34395242400933057,
            0.24096373200882226,
            0.23258370300754905,
            0.25350054900627583,
            0.23575106303906068,
            0.23215708398493007,
            0.23812526202527806,
            0.26760422601364553,
            0.24032170901773497,
            0.22502141998847947,
            0.23463257297407836,
            0.23497650801436976,
            0.24103688896866515,
            0.22774071001913399,
            0.24782498501008376
        ],
        "10": [
            0.7035360999871045,
            0.6949504850199446,
            0.6831974500091746,
            0.8873524710070342,
            0.7082415480399504,
            0.6564364950172603,
            0.6661349809728563,
            0.6452050909865648,
            0.6523724530125037,
            0.7930949889705516,
            0.6782378659700043,
            0.70287936902605,
            0.6483546359813772,
            0.685809688991867,
            0.6557166930288076,
            0.8942698469618335,
            0.6982407959876582,
            0.7294062019791454,
            0.7996447689947672,
            0.6949614789918996
        ],
        "11": [
            3.049905508989468,
            3.1327129779965617,
            3.0686740900273435,
            3.2748718190123327,
            3.080564673990011,
            3.0969876660383306,
            3.076298698957544,
            3.0939777059829794,
            3.8869210580014624,
            3.3036017940030433,
            3.132941794989165,
            3.1668277499848045,
            3.1136387119768187,
            3.1368471939931624,
            3.1087123309844173,
            3.1442696009762585,
            3.401183973008301,
            3.136989800957963,
            3.07571231899783,
            3.030727574019693
        ]
    },