{
    "SciPy dense": {
        "1": [
            0.03328275600006236,
            0.034773821000044336,
            0.03212571499989281,
            0.032783585000061066,
            0.03200174700009484,
            0.03199866300019494,
            0.03298995500017554
        ],
        "2": [
            0.029616366000027483,
            0.03298780199997964,
            0.03202359900001284,
            0.031973805000006905,
            0.032824666000124125,
            0.03199955400009458,
            0.03400947900013307
        ],
        "3": [
            0.028521427999976368,
            0.032002438000063194,
            0.03285812600006466,
            0.03213311399986196,
            0.03371689899995545,
            0.031113981000089552,
            0.0319996739999624
        ],
        "4": [
            0.029924308999852656,
            0.03199916200014741,
            0.03298632900009579,
            0.03200700399997913,
            0.03282326299995475,
            0.03399940400004198,
            0.03200119600001017
        ],
        "5": [
            0.03945252300013635,
            0.04039867699998467,
            0.03907755799991719,
            0.03349852899987127,
            0.032360566000079416,
            0.04257565399984742,
            0.03188906600007613
        ],
        "6": [
            0.08716618099992957,
            0.09322789699990608,
            0.08849332900012996,
            0.09894386099995245,
            0.08278818000007959,
            0.09180377100005899,
            0.09243321799999649
        ],
        "7": [
            0.09055030399986208,
            0.12044409500003894,
            0.06861777699987215,
            0.10427147900009004,
            0.09511213999985557,
            0.09971319499982201,
            0.0697043710001708
        ],
        "8": [
            0.13485869199985245,
            0.15845009400004528,
            0.12979181200012135,
            0.13136540200002855,
            0.16011493900009555,
            0.14527416999999332,
            0.10719335400017371
        ],
        "9": [
            0.2173562140001195,
            0.20882209700016574,
            0.20386405099998228,
            0.2137532369999917,
            0.19879325800002334,
            0.25165470100000675,
            0.24167772999999215
        ],
        "10": [
            0.6381913399998211,
            0.650999684999988,
            0.6337799390000782,
            0.6517855009999494,
            0.6357821269998567,
            0.695777937999992,
            0.640798741000026
        ],
        "11": [
            2.8575484849998247,
            2.6927929359999325,
            2.948791667000023,
            2.698793933999923,
            2.8498070050000024,
            2.8795909870000287,
            2.8338064859999577
        ],
        "12": [
            14.059008370000129,
            14.18376609400002,
            14.339834507999967,
            14.191538068,
            14.078021622000051,
            13.956193155999927,
            14.15919610800006
        ],
        "13": [
            81.64797680300012,
            81.77332788000012,
            81.50875460999987,
            82.21505662699997,
            81.88208048900015,
            81.76758276199985,
            81.73879489100023
        ],
        "14": [
            494.99333217599997,
            506.3444111159997,
            507.4240149269999,
            509.5493227279999,
            530.4545612890006,
            560.9107931480003,
            594.2579554600006
        ]
    },
    "SciPy sparse": {
        "1": [
            0.02955420199987202,
            0.02633587700006501,
            0.024593445000164138,
            0.02400928500014743,
            0.024701327000002493,
            0.02467888299997867,
            0.02455972299981113
        ],
        "2": [
            0.029750207000006412,
            0.025968363999936628,
            0.024978302999898006,
            0.02520813899991481,
            0.025251194000020405,
            0.025018384000077276,
            0.024846244999935152
        ],
        "3": [
            0.030535280000094644,
            0.026704161999987264,
            0.026204198999948858,
            0.025193176999891875,
            0.025107537999929264,
            0.025080456000068807,
            0.02515111299999262
        ],
        "4": [
            0.032125563000136026,
            0.027345215999957873,
            0.025352225999995426,
            0.02623459400001593,
            0.026189315999999963,
            0.027365827000039644,
            0.027439187999789283
        ],
        "5": [
            0.03386304699984066,
            0.029317424000055325,
            0.03495786600001338,
            0.026879525000140347,
            0.03392095499998504,
            0.02695435699979498,
            0.02720318199999383
        ],
        "6": [
            0.03863679400001274,
            0.03977611900018019,
            0.03628533400001288,
            0.03608163700005207,
            0.037340731999847776,
            0.035595354999941264,
            0.035561843999857956
        ],
        "7": [
            0.06561485399993217,
            0.04856812299999547,
            0.04698048299997026,
            0.04728710500012312,
            0.049847359000068536,
            0.0479059369999959,
            0.046649183999988963
        ],
        "8": [
            0.07464798199998768,
            0.06548993499995959,
            0.06592134399988936,
            0.06652947900010986,
            0.063007867999886,
            0.06315591099996709,
            0.06489983599999505
        ],
        "9": [
            0.08621564999998554,
            0.07530515700000251,
            0.07199931100012691,
            0.0756872019999264,
            0.07499868600007176,
            0.07269144300016706,
            0.07080680500007475
        ],
        "10": [
            0.08881473600013123,
            0.07626971300010155,
            0.08026268200001141,
            0.083635189000006,
            0.0753693869999097,
            0.07950857599985284,
            0.08125467500008199
        ],
        "11": [
            0.1017650839999078,
            0.08644066200008638,
            0.08284113600007004,
            0.0880179959999623,
            0.08670305700002245,
            0.0885643080000591,
            0.08184340399998291
        ],
        "12": [
            0.11353888400003598,
            0.1025503819998903,
            0.1084764610000093,
            0.10968642000011641,
            0.1093716369998674,
            0.10604901099986819,
            0.10763289300007273
        ],
        "13": [
            0.15345003399988855,
            0.1569477170000937,
            0.14522037999995518,
            0.15632328300034715,
            0.14735166299988123,
            0.15431491999970604,
            0.13984937999975955
        ],
        "14": [
            0.24326684800053044,
            0.2231383279995498,
            0.22746602999995957,
            0.2278582290000486,
            0.24336645899984433,
            0.2291006550003658,
            0.2218616000000111
        ],
        "15": [
            0.4369964429997708,
            0.43507708000015555,
            0.4545719289999397,
            0.43012377800005197,
            0.43857705800019176,
            0.4242335489998368,
            0.44280782400073804
        ],
        "16": [
            0.9849789999998393,
            0.9784478080000554,
            0.9422208519999913,
            0.9857240089995685,
            0.9483096289995956,
            0.9903511109996543,
            0.9614303609996568
        ],
        "17": [
            2.24464576399987,
            2.298839062999832,
            2.2211110660000486,
            2.257392374000119,
            2.215979065999818,
            2.274845584999639,
            2.26947680900048
        ],